index,mace_mp_descriptor,mace_mp_Al_descriptor,mace_mp_Ga_descriptor,mace_mp_N_descriptor,frac_Al,frac_Ga,frac_N,vol,a,b,c,c_over_a,b_over_a,atomdesc_mean,atomdesc_std,atomdesc_q10,atomdesc_q50,atomdesc_q90,Al_mean,Al_std,Al_q10,Al_q50,Al_q90,Ga_mean,Ga_std,Ga_q10,Ga_q50,Ga_q90,N_mean,N_std,N_q10,N_q50,N_q90,selected
0,0.01913565834586344,0.006238500793899793,-0.004320890878496564,0.033010537348974904,0.4537037037037037,0.046296296296296294,0.5,1137.075726011858,9.357611,9.357611384465429,14.994389,1.6023736186511706,1.0000000410858527,0.019135658240740736,0.014093227752110353,0.0060925649999999994,0.01710891,0.034216188,0.006238500612244898,0.00012255670176944527,0.006088222,0.00624818,0.006386795999999999,-0.004320892000000001,8.173425362722803e-05,-0.004409744,-0.00430819,-0.00425368,0.033010537407407406,0.0016825988918999404,0.031117809,0.03398504,0.034332052,False
1,0.019134648569042567,0.006236332519972403,-0.0043098807265848586,0.03300946584464581,0.4537037037037037,0.046296296296296294,0.5,1137.075726011858,9.357611,9.357611384465429,14.994389,1.6023736186511706,1.0000000410858527,0.019134648518518517,0.014100000309325175,0.00605232,0.01712272,0.034271208,0.006236332653061225,0.00012786919701797807,0.006049016,0.00626529,0.0063610459999999995,-0.00430988,6.845417357619631e-05,-0.004394598,-0.00426881,-0.004250788,0.033009465555555555,0.0017996713228188486,0.031050373,0.034017965,0.034303737,False
2,0.01913044059675852,0.006251525140316964,-0.004492301368352424,0.033004154804002796,0.4537037037037037,0.046296296296296294,0.5,1137.075726011858,9.357611,9.357611384465429,14.994389,1.6023736186511706,1.0000000410858527,0.01913044074074074,0.014088385791893915,0.006105346,0.017222805,0.034153912,0.006251525306122449,0.0001017529413525028,0.006099360000000001,0.00627939,0.0063549,-0.0044923,3.0628260153002235e-05,-0.00452205,-0.00449869,-0.004457008,0.033004154814814814,0.0015157650580381549,0.031109906,0.034009185,0.034193946,False
3,0.019135788806285917,0.006236350490806442,-0.004303686678423584,0.03301115648928669,0.4537037037037037,0.046296296296296294,0.5,1137.075726011858,9.357611,9.357611384465429,14.994389,1.6023736186511706,1.0000000410858527,0.019135788518518517,0.014093780601210226,0.0060893760000000005,0.01710701,0.034282529,0.006236350408163265,0.00012765677418669077,0.006083338,0.0062324,0.00637775,-0.004303688,7.041764420938827e-05,-0.00438814,-0.00428161,-0.004240218,0.03301115611111111,0.0016936674010226236,0.030998646,0.03398995,0.034352022,False
4,0.019129590411958414,0.006246875706749197,-0.004464700073874079,0.03300411768944757,0.4537037037037037,0.046296296296296294,0.5,1137.075726011858,9.357611,9.357611384465429,14.994389,1.6023736186511706,1.0000000410858527,0.01912959074074074,0.014095174767855757,0.006131441,0.01729573,0.034166116999999996,0.006246875918367348,9.879376202976245e-05,0.006093888,0.00626067,0.006352308,-0.0044646980000000005,6.765971664144052e-05,-0.00453027,-0.00449186,-0.00438207,0.033004117962962966,0.0016411678270234775,0.031107062,0.034003405,0.034237513,False
5,0.019130056114517662,0.006236341267300291,-0.004361700665004681,0.03300507114065217,0.4537037037037037,0.046296296296296294,0.5,1137.075726011858,9.357611,9.357611384465429,14.994389,1.6023736186511706,1.0000000410858527,0.019130056296296296,0.01409663516207421,0.006096705,0.017169445,0.03424961,0.006236341020408162,0.00011090785131194379,0.006094614,0.00621859,0.006389652,-0.004361701999999999,0.00012261491971208064,-0.0045094079999999995,-0.00428819,-0.004245034,0.03300507185185185,0.0017171681406132923,0.030957079,0.03396655,0.034347151,False
6,0.019138089373120785,0.006242262144756863,-0.004332229579279297,0.03301303620556214,0.4537037037037037,0.046296296296296294,0.5,1137.075726011858,9.357611,9.357611384465429,14.994389,1.6023736186511706,1.0000000410858527,0.019138089074074077,0.014092192189663273,0.006116174,0.017203205,0.03418482,0.006242261836734693,0.00011449833071902287,0.006079008,0.00626757,0.006355416,-0.00433223,9.851998883475365e-05,-0.004438018,-0.0043023,-0.0042607420000000005,0.03301303592592592,0.001656396472416931,0.031148619,0.03400435,0.034254204,False
7,0.019141915973371292,0.006245642447820532,-0.004335758935256477,0.033017948886244,0.4537037037037037,0.046296296296296294,0.5,1137.075726011858,9.357611,9.357611384465429,14.994389,1.6023736186511706,1.0000000410858527,0.019141915370370372,0.014076114108989372,0.006152834,0.018725395,0.034086019,0.006245641836734695,0.00011449514262352571,0.006131278,0.00626138,0.006374808,-0.004335759999999999,8.984558175002262e-05,-0.004432458,-0.00428731,-0.004283458,0.03301794833333333,0.0013287034271100115,0.031215711,0.033935215000000005,0.034176769,False
8,0.019140495661793697,0.006240872689958137,-0.004290186310964063,0.033015216689270196,0.4537037037037037,0.046296296296296294,0.5,1137.075726011858,9.357611,9.357611384465429,14.994389,1.6023736186511706,1.0000000410858527,0.019140495462962964,0.014076992797956961,0.006137878,0.01858926,0.034188959,0.006240872040816327,0.00010813694305360184,0.0061224339999999995,0.00625392,0.00636889,-0.004290186,8.599579166447638e-05,-0.00436403,-0.00431967,-0.00419364,0.03301521685185185,0.0014065462611420505,0.0311186,0.0338584,0.03428326,False
9,0.01913267883558436,0.006244194442345814,-0.004411654034780546,0.033007815865593856,0.4537037037037037,0.046296296296296294,0.5,1137.075726011858,9.357611,9.357611384465429,14.994389,1.6023736186511706,1.0000000410858527,0.019132679074074073,0.014095224342655494,0.006131984,0.017076355,0.034198259,0.006244194897959184,0.00011670510455447622,0.006121458,0.00624625,0.006381452,-0.004411652,0.00011502490572045715,-0.004530582,-0.00444151,-0.004281256,0.03300781574074074,0.001660766307537089,0.031138372,0.033980540000000004,0.034268392,False
10,0.019141786847652335,0.006236053567385707,-0.0042013448579896265,0.033013945908046315,0.4537037037037037,0.046296296296296294,0.5,1137.075726011858,9.357611,9.357611384465429,14.994389,1.6023736186511706,1.0000000410858527,0.01914178675925926,0.014086297967397438,0.006089024,0.017200405,0.034233292,0.0062360534693877544,0.00011376701160169256,0.0060791199999999995,0.00627031,0.00638795,-0.004201346,0.00022394392857141718,-0.004385246,-0.00424573,-0.00397186,0.03301394592592593,0.0016746936705299366,0.031098563,0.034011735,0.034312645,False
11,0.019132770338013496,0.0062443224441243,-0.00436376193853178,0.033003448267333806,0.4537037037037037,0.046296296296296294,0.5,1137.075726011858,9.357611,9.357611384465429,14.994389,1.6023736186511706,1.0000000410858527,0.01913277037037037,0.014090931903526737,0.0060752010000000006,0.01713874,0.034204075,0.00624432224489796,0.0001396869247568349,0.006073348,0.00625623,0.00642358,-0.004363762,8.565203941529923e-05,-0.004464512,-0.00432305,-0.004298384000000001,0.03300344851851852,0.0016864492922721434,0.031047074,0.033961685,0.034314224,False
12,0.019137355208913884,0.006237613996956288,-0.004290457724589736,0.033011917876570186,0.4537037037037037,0.046296296296296294,0.5,1137.075726011858,9.357611,9.357611384465429,14.994389,1.6023736186511706,1.0000000410858527,0.019137355,0.014090734914605366,0.006085221,0.017182475000000003,0.034213837,0.006237613673469388,0.00011949373529294632,0.006080022,0.00625638,0.0063866999999999995,-0.004290456,9.310273478260448e-05,-0.0043972559999999996,-0.00425195,-0.004214506,0.033011917592592595,0.0016625816186391564,0.031104844,0.033972539999999996,0.034345421,False
13,0.019130102816368136,0.006252104892266346,-0.004504878285972636,0.03300411770141797,0.4537037037037037,0.046296296296296294,0.5,1137.075726011858,9.357611,9.357611384465429,14.994389,1.6023736186511706,1.0000000410858527,0.019130102870370373,0.014094901167127584,0.006104602,0.017231365,0.034151931,0.006252104489795918,0.00010909183665490141,0.006102202,0.00627112,0.006359464,-0.0045048779999999995,3.542132035935429e-05,-0.004544928,-0.00448858,-0.00447982,0.03300411814814815,0.001619529576164216,0.031138689,0.033988995,0.034233753,True
14,0.019145315773125546,0.006242596273276135,-0.0042271258649920155,0.03301745398948126,0.4537037037037037,0.046296296296296294,0.5,1137.075726011858,9.357611,9.357611384465429,14.994389,1.6023736186511706,1.0000000410858527,0.019145315555555556,0.0140768634301987,0.006132407,0.017327935,0.034127725,0.006242596326530613,0.00012962553064373118,0.0061160419999999995,0.00624928,0.006391012,-0.004227128,7.801646349329085e-05,-0.004317576,-0.00420743,-0.0041466260000000005,0.03301745370370371,0.0014893448648194483,0.031163273000000002,0.033951419999999996,0.034189768,False
15,0.019139238418536094,0.006244260558736111,-0.0043318928185628654,0.0330134897391971,0.4537037037037037,0.046296296296296294,0.5,1137.075726011858,9.357611,9.357611384465429,14.994389,1.6023736186511706,1.0000000410858527,0.019139238333333333,0.014082859135605077,0.006137808,0.01720554,0.03413675,0.006244260408163264,0.0001260625353068733,0.006117976,0.00625622,0.006407842,-0.004331894,8.401721361721054e-05,-0.004434668,-0.00428356,-0.004265246,0.03301348981481481,0.001500362948789998,0.031152175,0.033944205000000005,0.034243751,False
16,0.019127846612071207,0.006246989932918063,-0.004479516875967104,0.03300189836612113,0.4537037037037037,0.046296296296296294,0.5,1137.075726011858,9.357611,9.357611384465429,14.994389,1.6023736186511706,1.0000000410858527,0.019127846666666667,0.014094355122282243,0.006059545,0.017301695,0.034150694999999995,0.006246989795918367,0.00014039003353616273,0.006049448,0.00628075,0.00642863,-0.004479518,1.843280271689572e-05,-0.004502252,-0.00446649,-0.004463306,0.03300189870370369,0.0016242099115581935,0.03106966,0.033989649999999996,0.034230711,False
17,0.019139758901905144,0.006233981411910606,-0.004205854185284056,0.033012187836084374,0.4537037037037037,0.046296296296296294,0.5,1137.075726011858,9.357611,9.357611384465429,14.994389,1.6023736186511706,1.0000000410858527,0.019139759259259263,0.014087853625098512,0.006080682,0.017180345,0.03426573,0.006233981632653061,0.00012769813476251035,0.0060741020000000005,0.00623798,0.006420258,-0.004205856,0.0002149898332107823,-0.00444921,-0.00419787,-0.003993672,0.033012188518518525,0.0016941974777122928,0.030960189,0.033983795,0.034325795,False
18,0.01912258919614658,0.006240798346628977,-0.004507707655691314,0.032999612082916054,0.4537037037037037,0.046296296296296294,0.5,1137.075726011858,9.357611,9.357611384465429,14.994389,1.6023736186511706,1.0000000410858527,0.01912258916666667,0.014118996735015422,0.006115933,0.01538877,0.034231634,0.006240797959183674,0.00012529216865569582,0.006088566,0.00622848,0.006377606,-0.004507708,4.6932149918792296e-05,-0.004561786,-0.00448974,-0.00446843,0.032999612407407404,0.0019563666257375583,0.030968954,0.034061629999999996,0.034301108,False
19,0.01912968607323584,0.0062356729174852825,-0.0043744116361795465,0.033006114465436845,0.4537037037037037,0.046296296296296294,0.5,1137.075726011858,9.357611,9.357611384465429,14.994389,1.6023736186511706,1.0000000410858527,0.019129686203703703,0.014104338066581297,0.006070494,0.0171326,0.034260334,0.006235673265306122,0.00012849209570524374,0.006062982,0.00622486,0.006385717999999999,-0.004374411999999999,0.00015636321797660722,-0.004532476,-0.00444025,-0.004184366,0.03300611444444444,0.0018106815073967025,0.030909249,0.033964035000000004,0.034343308,False
20,0.017165599282545397,0.006454220285742998,-0.003910876079493897,0.030564225485149952,0.37037037037037035,0.12962962962962962,0.5,1152.2966270225363,9.391111,9.391111513480022,15.086889,1.6065073663808254,1.000000054677239,0.01716559898148148,0.013893640327786396,-0.003793,0.015346065,0.033558667,0.006454220500000001,0.00010934160852461425,0.006331184,0.006459329999999999,0.00661224,-0.003910877142857142,0.0001236607085899947,-0.00409694,-0.003914665,-0.0037556020000000002,0.030564225,0.002524880271472183,0.027487783,0.030688415,0.033831545000000005,False
21,0.017158871640036388,0.006453842022816962,-0.003925138894567198,0.030554748161762818,0.37037037037037035,0.12962962962962962,0.5,1152.2966270225363,9.391111,9.391111513480022,15.086889,1.6065073663808254,1.000000054677239,0.01715887111111111,0.013923333859349825,-0.003633872,0.01509292,0.033673522,0.006453841499999999,0.00015939208114818638,0.006267075,0.006454525,0.006652466,-0.00392514,0.00032149550956650784,-0.0043281349999999994,-0.003959965,-0.003543685,0.030554747777777776,0.002843627654768065,0.027497644,0.030897439999999998,0.033773219,False
22,0.017136677524635272,0.0064461949594622715,-0.003991542418147121,0.030533240150669966,0.37037037037037035,0.12962962962962962,0.5,1152.2966270225363,9.391111,9.391111513480022,15.086889,1.6065073663808254,1.000000054677239,0.017136677222222223,0.014011013754859719,-0.00376,0.013335875,0.033831800999999995,0.0064461944999999994,0.00018303430069183758,0.0062556289999999995,0.006470675,0.006673743,-0.003991542857142857,0.00026088808392621903,-0.004345682,-0.004025394999999999,-0.003718127,0.030533239999999996,0.003565989191729222,0.027298680999999998,0.030777699999999998,0.034022072,False
23,0.01717339833479262,0.0064612765835993765,-0.003878028263968805,0.03056608060202206,0.37037037037037035,0.12962962962962962,0.5,1152.2966270225363,9.391111,9.391111513480022,15.086889,1.6065073663808254,1.000000054677239,0.01717339777777778,0.013886205871251056,-0.003641413,0.015185395,0.033603857,0.00646127625,0.0001255115096054442,0.006330742,0.00646063,0.0066199480000000005,-0.0038780292857142863,0.00023950254226101612,-0.004130631,-0.00392264,-0.003579695,0.03056608,0.0025237436305754926,0.027572551,0.030823715,0.033685595,False
24,0.01714404963097135,0.006468907724108479,-0.00401630552867139,0.03053758015892529,0.37037037037037035,0.12962962962962962,0.5,1152.2966270225363,9.391111,9.391111513480022,15.086889,1.6065073663808254,1.000000054677239,0.017144049814814814,0.013939560609965105,-0.003844527,0.01337877,0.033492344,0.006468908000000001,0.00018178591037536438,0.006274709,0.0064506749999999995,0.006702889,-0.004016305,0.0002597527585650301,-0.004145952,-0.00397809,-0.003758571,0.030537580185185178,0.0029485878884001975,0.02732315,0.030793585,0.033744744,False
25,0.017188990073136377,0.006452056288655807,-0.003760604638582936,0.030573650764678842,0.37037037037037035,0.12962962962962962,0.5,1152.2966270225363,9.391111,9.391111513480022,15.086889,1.6065073663808254,1.000000054677239,0.01718899009259259,0.013862720871778443,-0.0034665580000000002,0.015404405000000001,0.033469096,0.00645205625,0.0001314459308553806,0.006330713,0.00646365,0.006612612,-0.003760605,0.000249795224584058,-0.00399503,-0.0038247050000000003,-0.0034056,0.030573650925925924,0.0024480425562366025,0.027485246,0.03079201,0.033716658,False
26,0.01716787224053931,0.006480831392536112,-0.0039409011849206935,0.03055684375677205,0.37037037037037035,0.12962962962962962,0.5,1152.2966270225363,9.391111,9.391111513480022,15.086889,1.6065073663808254,1.000000054677239,0.017167872129629627,0.013892260429020665,-0.003759345,0.015467225000000001,0.033484777,0.006480831500000001,0.0001289798707463688,0.006270684,0.006504615,0.0066358020000000005,-0.003940901428571428,0.0002475321678909962,-0.004225446999999999,-0.00398653,-0.003627807,0.03055684351851852,0.002564002889099717,0.027606109,0.03079249,0.033635733,False
27,0.017174573076413527,0.00645661298506799,-0.003824405995983756,0.030557982533216923,0.37037037037037035,0.12962962962962962,0.5,1152.2966270225363,9.391111,9.391111513480022,15.086889,1.6065073663808254,1.000000054677239,0.017174573425925925,0.013894417309714796,-0.003600024,0.015195460000000001,0.033625186,0.0064566132500000015,0.000161761984477001,0.006287053,0.00643072,0.006680195,-0.0038244057142857147,0.0002693539039393098,-0.004268434000000001,-0.003781995,-0.003558463,0.030557982962962957,0.002746134624267778,0.02745189,0.030908255,0.033818073,False
28,0.01716664673268564,0.006464171255098908,-0.0039252843189747895,0.0305626847665137,0.37037037037037035,0.12962962962962962,0.5,1152.2966270225363,9.391111,9.391111513480022,15.086889,1.6065073663808254,1.000000054677239,0.017166646759259257,0.013875826058133596,-0.003775455,0.015402885000000002,0.033267468,0.0064641709999999995,0.00013855850330816934,0.006294012,0.0064708000000000005,0.006626715,-0.003925283571428571,0.00022414096303146702,-0.0042422779999999995,-0.003917955,-0.003659446,0.030562684814814813,0.00232654574417919,0.027437765,0.030850415,0.033601363999999995,False
29,0.01715795613208373,0.006473151394851296,-0.003942197207991324,0.030543036433016108,0.37037037037037035,0.12962962962962962,0.5,1152.2966270225363,9.391111,9.391111513480022,15.086889,1.6065073663808254,1.000000054677239,0.017157956203703705,0.013891730820927295,-0.00382758,0.015506345,0.033589367,0.006473152,0.00013708930680764273,0.006311465,0.00647873,0.0066595050000000005,-0.003942197857142857,0.00018077117635992477,-0.004144796,-0.00395096,-0.0036585859999999997,0.030543036296296296,0.00260469015220713,0.027177223,0.03082755,0.033781896,False
30,0.01714966602642516,0.006511275218990073,-0.004087555053531579,0.030535901719328823,0.37037037037037035,0.12962962962962962,0.5,1152.2966270225363,9.391111,9.391111513480022,15.086889,1.6065073663808254,1.000000054677239,0.017149665833333334,0.013895045877388587,-0.0039447449999999995,0.015255235,0.033331763,0.006511275249999999,0.00014500399466889696,0.006338047,0.00651749,0.00670777,-0.004087557142857143,0.00013222166282575695,-0.004216496,-0.00414637,-0.003885777,0.03053590185185185,0.0024836594491403157,0.027606699,0.03081522,0.033544775,True
31,0.017159324162250484,0.006471230377909004,-0.0039667505981157095,0.030553561162598372,0.37037037037037035,0.12962962962962962,0.5,1152.2966270225363,9.391111,9.391111513480022,15.086889,1.6065073663808254,1.000000054677239,0.01715932398148148,0.013886869356166594,-0.003834376,0.015340985000000001,0.033511534,0.00647123,0.0001227663489723467,0.00632743,0.00646516,0.00662044,-0.003966750714285715,0.00015212969595824127,-0.004153602,-0.003938505,-0.003783363,0.030553561111111103,0.0024368998596240674,0.027453916,0.030773365,0.033704749,False
32,0.017146282364947876,0.0064739602202830565,-0.004015995500086068,0.030538222659338025,0.37037037037037035,0.12962962962962962,0.5,1152.2966270225363,9.391111,9.391111513480022,15.086889,1.6065073663808254,1.000000054677239,0.017146282592592592,0.01391878347255696,-0.003869363,0.01543662,0.033635023,0.0064739605000000006,0.00015365898380748848,0.006267191,0.006488345,0.006640437,-0.004015995,0.0002574218260462776,-0.004324466,-0.004026129999999999,-0.00373845,0.030538222777777773,0.0027586088706900245,0.027199359,0.03082659,0.033712678,False
33,0.017180376801349075,0.006461998355448695,-0.0038668560476907365,0.030576606388804124,0.37037037037037035,0.12962962962962962,0.5,1152.2966270225363,9.391111,9.391111513480022,15.086889,1.6065073663808254,1.000000054677239,0.01718037675925926,0.013859670563546343,-0.003656484,0.015390685,0.03333117,0.006461998749999999,0.00014412878796735056,0.006262658,0.00644461,0.006662767,-0.003866856428571428,0.00017151223074284746,-0.004075463,-0.00388318,-0.00362385,0.03057660611111111,0.0021798508430636364,0.027558578,0.030732719999999998,0.033586362,False
34,0.017169586915148808,0.0064511934828614505,-0.003850625959011089,0.030558822424958672,0.37037037037037035,0.12962962962962962,0.5,1152.2966270225363,9.391111,9.391111513480022,15.086889,1.6065073663808254,1.000000054677239,0.017169586944444447,0.013929705513126299,-0.003582281,0.013381055,0.03375759,0.006451193999999999,0.00012561013310637004,0.006267770000000001,0.00648144,0.006581801,-0.003850625,0.0002454240709975287,-0.00417601,-0.00389434,-0.0035723309999999998,0.030558821851851853,0.0030202204506662254,0.027340024,0.0308653,0.033865611999999996,False
35,0.0171834337932269,0.0064553044716746,-0.00380750284231672,0.0305722909369251,0.37037037037037035,0.12962962962962962,0.5,1152.2966270225363,9.391111,9.391111513480022,15.086889,1.6065073663808254,1.000000054677239,0.01718343388888889,0.013865348107582793,-0.003499309,0.015523915,0.033503113,0.00645530475,0.0001280571322884341,0.006331048,0.0064724,0.0065802740000000005,-0.003807502142857143,0.00029769848205329625,-0.0041191529999999995,-0.0038020750000000002,-0.003437169,0.03057229074074074,0.0023896849404563556,0.027591584,0.0307139,0.033717057,False
36,0.017158303671046177,0.006469176001057182,-0.003955427330235207,0.03055010627877764,0.37037037037037035,0.12962962962962962,0.5,1152.2966270225363,9.391111,9.391111513480022,15.086889,1.6065073663808254,1.000000054677239,0.01715830351851852,0.013913944403822836,-0.003756239,0.015063990000000001,0.033471508000000004,0.00646917575,0.00010880891144312348,0.006306516,0.006476225,0.006573416,-0.003955427857142857,0.0002325263472683893,-0.004206899,-0.0039313,-0.003713394,0.03055010629629629,0.0027608483030437613,0.027307082,0.030912645000000002,0.033739257,False
37,0.017165655027085135,0.006447686161739565,-0.003875728935752916,0.030560064843632457,0.37037037037037035,0.12962962962962962,0.5,1152.2966270225363,9.391111,9.391111513480022,15.086889,1.6065073663808254,1.000000054677239,0.017165655092592588,0.013909639947625483,-0.003699917,0.015042944999999999,0.033712194,0.006447686499999999,0.00011554986980845101,0.006315323,0.006458945,0.006581584,-0.003875727857142857,0.0002173260100197913,-0.004077816999999999,-0.0039076200000000005,-0.0035444649999999997,0.03056006444444444,0.002765313035098187,0.027295159000000003,0.030820470000000003,0.033935053,False
38,0.017195295766306767,0.00644719742432231,-0.0037280303992007816,0.030581416136612027,0.37037037037037035,0.12962962962962962,0.5,1152.2966270225363,9.391111,9.391111513480022,15.086889,1.6065073663808254,1.000000054677239,0.01719529564814815,0.013848427082092062,-0.003566892,0.01549972,0.033409074000000004,0.00644719725,0.00012158970957666399,0.006301409,0.006453865,0.006574988,-0.003728030714285714,0.0001906134354230454,-0.003935353,-0.0036536,-0.0035209910000000002,0.03058141611111111,0.0022973325364474477,0.02740112,0.03076844,0.03376829,True
39,0.017160911801606907,0.0064616387374575035,-0.0038875829168111688,0.030543316405751895,0.37037037037037035,0.12962962962962962,0.5,1152.2966270225363,9.391111,9.391111513480022,15.086889,1.6065073663808254,1.000000054677239,0.01716091175925926,0.013903845714721495,-0.003639341,0.015343415000000001,0.033595593,0.00646163825,0.00017148076750597284,0.006251342,0.006482435,0.006651434,-0.0038875821428571433,0.0002748450259738223,-0.004207889,-0.00388398,-0.0035020949999999998,0.03054331648148148,0.002801044359468088,0.027316453,0.030865835,0.033812833,False
40,0.014288039970246377,0.006473531523851634,-0.0036157929914274836,0.027147210674280678,0.25,0.25,0.5,1174.512230098058,9.4395,9.439500174051007,15.2205,1.6124265056411884,1.0000000184385833,0.014288039999999998,0.013526033688639243,-0.003662494,0.013263615000000001,0.030186559,0.006473531851851851,0.00016116834049543396,0.006257078,0.00647851,0.006679574000000001,-0.0036157925925925927,0.00038346527666059877,-0.004077346,-0.00358617,-0.00323979,0.02714721037037036,0.0031073335999659965,0.023755059000000002,0.02727875,0.03075684,False
41,0.014271644430663455,0.006496555093929669,-0.003685601340393229,0.027137811984558693,0.25,0.25,0.5,1174.512230098058,9.4395,9.439500174051007,15.2205,1.6124265056411884,1.0000000184385833,0.014271644537037038,0.013599207920165408,-0.0037569229999999997,0.01329805,0.030544865,0.006496555185185184,0.00017435905785073325,0.006291562,0.00649112,0.00671531,-0.0036856018518518522,0.00034194138410440666,-0.00411125,-0.0036962,-0.0032858619999999996,0.02713781240740741,0.0035787732251915476,0.023373594,0.027258690000000002,0.030808655,False
42,0.014290460422240955,0.006485579026582171,-0.0036222209667370613,0.02714924181455935,0.25,0.25,0.5,1174.512230098058,9.4395,9.439500174051007,15.2205,1.6124265056411884,1.0000000184385833,0.01429046037037037,0.013545230498633837,-0.003693193,0.01319263,0.030455335,0.006485578888888888,0.00014697999053369117,0.006311268,0.00649278,0.0066486819999999995,-0.0036222211111111105,0.0003907629115928777,-0.00411938,-0.00367291,-0.003103456,0.027149241851851854,0.003258981673761205,0.023627287,0.027259105,0.030770469999999998,False
43,0.014307924547526716,0.006444324471699564,-0.003554271658428158,0.02717082268841773,0.25,0.25,0.5,1174.512230098058,9.4395,9.439500174051007,15.2205,1.6124265056411884,1.0000000184385833,0.014307924629629631,0.013530838851996536,-0.0036021860000000003,0.013388635000000001,0.030388962999999998,0.0064443240740740745,0.00016436468583630923,0.006235542,0.00643709,0.00661328,-0.003554270740740741,0.000287295223419136,-0.003896816,-0.00358401,-0.0032499079999999997,0.027170822592592594,0.00319549062755928,0.023387098000000002,0.02748656,0.030912194,False
44,0.014268821836131908,0.006482693335674921,-0.0036847481956402426,0.02713867110224648,0.25,0.25,0.5,1174.512230098058,9.4395,9.439500174051007,15.2205,1.6124265056411884,1.0000000184385833,0.014268822314814815,0.013547188359408177,-0.0037300349999999996,0.013303635,0.030261358,0.006482693703703703,0.000202819383235213,0.006164336,0.00654588,0.006654062,-0.0036847470370370366,0.00036803361168779355,-0.00414043,-0.00365329,-0.0031975639999999995,0.027138671296296296,0.00313912316633108,0.023826542,0.027285200000000003,0.030624713,False
45,0.014276771810621402,0.00649318098560668,-0.0036718843435847924,0.02714289530023186,0.25,0.25,0.5,1174.512230098058,9.4395,9.439500174051007,15.2205,1.6124265056411884,1.0000000184385833,0.014276771666666665,0.01354777337406775,-0.003704962,0.0134189,0.030321664,0.006493180740740742,0.00017571051872908435,0.006266178,0.00650054,0.006724042,-0.0036718848148148153,0.00027112369588328146,-0.003964446,-0.00362585,-0.0033354419999999997,0.027142895370370373,0.0031820933224167565,0.023698427,0.02728349,0.030588632,False
46,0.01429261952086945,0.006464367579820419,-0.0036202196307149044,0.02716316506718614,0.25,0.25,0.5,1174.512230098058,9.4395,9.439500174051007,15.2205,1.6124265056411884,1.0000000184385833,0.014292619537037036,0.013529818924059262,-0.0036794709999999997,0.013445195,0.030385999,0.00646436851851852,0.00014449235306444947,0.0062597419999999996,0.00650683,0.006592726,-0.0036202196296296293,0.00028489095379059456,-0.004003476,-0.00359376,-0.00319331,0.027163164629629637,0.0030552231174630147,0.023656437000000002,0.02724029,0.030588777,False
47,0.014271066435190374,0.006476238964857567,-0.0036741131791614757,0.027141069977532708,0.25,0.25,0.5,1174.512230098058,9.4395,9.439500174051007,15.2205,1.6124265056411884,1.0000000184385833,0.014271066759259259,0.013553049596232864,-0.003685781,0.013421465,0.030310129999999998,0.006476238888888889,0.00020551894268526467,0.006203392,0.00647458,0.006716702,-0.003674112592592593,0.00033158264627102137,-0.004140374,-0.00362402,-0.003292546,0.02714107037037037,0.0032035635584316065,0.023487351,0.027299715000000002,0.030458063,False
48,0.014269508173223045,0.006448231929421826,-0.0036562003321894965,0.027143000547829924,0.25,0.25,0.5,1174.512230098058,9.4395,9.439500174051007,15.2205,1.6124265056411884,1.0000000184385833,0.014269508240740738,0.013562154983588546,-0.003720391,0.013554279999999998,0.030518429,0.0064482318518518525,0.0001964624831217106,0.006187896,0.00648411,0.00665887,-0.00365619962962963,0.0002731083298088397,-0.004022342,-0.00366067,-0.003278416,0.02714300037037037,0.003290747582229304,0.023522579000000002,0.027216385000000003,0.030762731,False
49,0.014278999128590006,0.00646456279333907,-0.003655866732755989,0.027153650226888464,0.25,0.25,0.5,1174.512230098058,9.4395,9.439500174051007,15.2205,1.6124265056411884,1.0000000184385833,0.014278999166666669,0.013558361845084351,-0.003808407,0.01342075,0.030363494,0.006464562962962962,0.00016373012114146443,0.006242264,0.00647378,0.006656204,-0.0036558666666666666,0.0003292709614576713,-0.004032018,-0.00370863,-0.003336398,0.027153650185185188,0.0032359985654837565,0.023480951,0.02723341,0.030627559000000002,False
50,0.014257876107662994,0.006507134004220775,-0.0037223560636116125,0.027123363245021404,0.25,0.25,0.5,1174.512230098058,9.4395,9.439500174051007,15.2205,1.6124265056411884,1.0000000184385833,0.014257876296296297,0.01358798858125594,-0.003769204,0.01326392,0.030346895999999998,0.006507134074074074,0.00014529741954985424,0.006369274,0.00648212,0.006625678,-0.0037223562962962957,0.000377129305687724,-0.004240238,-0.00369637,-0.003231498,0.0271233637037037,0.003461653892624639,0.023295038,0.027422615,0.030631943000000002,False
51,0.014331457865640329,0.006441885782066382,-0.0034886930530672734,0.02718631936678111,0.25,0.25,0.5,1174.512230098058,9.4395,9.439500174051007,15.2205,1.6124265056411884,1.0000000184385833,0.014331458055555557,0.013456335364640718,-0.0035224389999999996,0.01350508,0.030117434999999998,0.0064418862962962965,0.00013931103197782656,0.006249154,0.0064563,0.006621852,-0.0034886929629629635,0.0003347637887273244,-0.003893716,-0.00341845,-0.003061212,0.027186319444444447,0.002632710001352934,0.023934227000000002,0.027285935,0.030364832,False
52,0.014329713240101469,0.006483979858403556,-0.0035406442520158105,0.02718775867700906,0.25,0.25,0.5,1174.512230098058,9.4395,9.439500174051007,15.2205,1.6124265056411884,1.0000000184385833,0.014329712962962962,0.013507273944772845,-0.003630228,0.013458340000000001,0.030339088,0.00648398,0.00013372871358476843,0.006314999999999999,0.00651197,0.006645588,-0.0035406448148148145,0.00027677085394841715,-0.003860126,-0.00350866,-0.003209212,0.027187758333333336,0.0030106010925737875,0.023608287,0.027353035,0.030566539,True
53,0.014287020905446838,0.006464180657672571,-0.0036280871233989958,0.02715599504375689,0.25,0.25,0.5,1174.512230098058,9.4395,9.439500174051007,15.2205,1.6124265056411884,1.0000000184385833,0.014287021203703705,0.01352411295564825,-0.003700854,0.013441419999999999,0.030216879999999998,0.006464181851851852,0.00020684361084747702,0.006197966,0.00645979,0.006725476,-0.003628087407407407,0.0004128880085051545,-0.0041758179999999995,-0.00365439,-0.0030583979999999995,0.02715599518518519,0.003002028432304682,0.023675635,0.027441430000000003,0.030435056000000002,False
54,0.01426725275894748,0.006486218812151262,-0.003683616511695321,0.027133204367666995,0.25,0.25,0.5,1174.512230098058,9.4395,9.439500174051007,15.2205,1.6124265056411884,1.0000000184385833,0.014267252777777779,0.013554051576854676,-0.003800228,0.01327715,0.030214038,0.006486219259259259,0.00019381808263164418,0.006289794,0.00645409,0.006764714,-0.003683615925925926,0.00034458717500757076,-0.004067368,-0.00371533,-0.003283118,0.027133203888888888,0.003228729239258998,0.023707952,0.02729004,0.030611443000000002,False
55,0.014291929842561522,0.00644138932268699,-0.0036018143237197533,0.027164072185639425,0.25,0.25,0.5,1174.512230098058,9.4395,9.439500174051007,15.2205,1.6124265056411884,1.0000000184385833,0.014291929907407408,0.013499160108596982,-0.003686066,0.013516355,0.030040764,0.0064413892592592595,0.00014114476482140014,0.006284504,0.00644522,0.006638176,-0.003601814074074074,0.0002936310549382382,-0.003928606,-0.00366322,-0.003185426,0.027164072222222228,0.002793026657620769,0.023837472999999998,0.027141935,0.03064675,False
56,0.014255849780493577,0.006474222398308645,-0.003717703423216388,0.027133440073441026,0.25,0.25,0.5,1174.512230098058,9.4395,9.439500174051007,15.2205,1.6124265056411884,1.0000000184385833,0.014255850185185185,0.013594717126720038,-0.003771413,0.01321144,0.030472817,0.006474223333333333,0.00019639876683628842,0.006195136,0.00654278,0.006698372,-0.0037177033333333333,0.0003241901570466413,-0.0042328339999999996,-0.00366853,-0.0033705299999999996,0.02713344037037037,0.003453596877816884,0.023613642,0.02729698,0.03083598,False
57,0.014286928948322498,0.006477371157519355,-0.0036226893240321485,0.027146516979901395,0.25,0.25,0.5,1174.512230098058,9.4395,9.439500174051007,15.2205,1.6124265056411884,1.0000000184385833,0.01428692925925926,0.013558389650047535,-0.00364221,0.013220915,0.030470315999999997,0.006477371481481482,0.00024033770593500617,0.00614754,0.00650506,0.006769078,-0.003622688888888889,0.00038104663710222347,-0.0041808620000000005,-0.00359467,-0.003199994,0.02714651722222223,0.003364159687517279,0.023433700000000002,0.027372615,0.03087635,True
58,0.014284432597666194,0.006453983299719655,-0.003612476351472015,0.027148111721208564,0.25,0.25,0.5,1174.512230098058,9.4395,9.439500174051007,15.2205,1.6124265056411884,1.0000000184385833,0.014284432314814815,0.01351533696946544,-0.0037238709999999997,0.013560595000000002,0.030352371,0.006453983333333333,0.00021405474993648334,0.0061924499999999995,0.00644211,0.006735862,-0.0036124777777777777,0.00038758824282070215,-0.004039762,-0.00366593,-0.0030250119999999997,0.027148111851851855,0.0029914432080315437,0.023424712,0.027242055,0.030569779000000002,False
59,0.014279908405803761,0.0064951871093918275,-0.003679339660563112,0.027151893087193162,0.25,0.25,0.5,1174.512230098058,9.4395,9.439500174051007,15.2205,1.6124265056411884,1.0000000184385833,0.014279908425925927,0.013595478027378712,-0.003777935,0.01316544,0.030467671999999998,0.0064951866666666655,0.00015490627603669116,0.0063165059999999995,0.00648551,0.0066986780000000004,-0.0036793396296296295,0.0003601641796045703,-0.004110644,-0.00364705,-0.0033376540000000002,0.02715189333333334,0.0035129690062691145,0.023306046,0.02731623,0.03083705,False
60,0.011352697541908572,0.0062051098709693196,-0.0037240002839791834,0.023855181623920783,0.12962962962962962,0.37037037037037035,0.5,1197.0008266114028,9.487889,9.487887968596594,15.354111,1.6182852687252138,0.9999998912926358,0.011352697222222222,0.013023849413648283,-0.003970255,0.01306668,0.027085114,0.00620511,0.0001672911010356328,0.006005803,0.006219570000000001,0.006425721,-0.003724000749999999,0.0003464509694414745,-0.004165053,-0.00369929,-0.0032511569999999997,0.023855181296296293,0.0027546048382542107,0.020076186,0.02378653,0.027256049,False
61,0.011330597596950863,0.0062056983741568495,-0.0037629145960063294,0.0238396545754213,0.12962962962962962,0.37037037037037035,0.5,1197.0008266114028,9.487889,9.487887968596594,15.354111,1.6182852687252138,0.9999998912926358,0.011330597777777777,0.01305195030455349,-0.0039765619999999995,0.01307066,0.027035498,0.006205698571428571,0.0001690674923918654,0.005989991,0.00625758,0.006393168,-0.00376291425,0.0003885696251953278,-0.004292336,-0.003686665,-0.003247484,0.023839654629629628,0.00292412893866337,0.019996938,0.02383126,0.027342321,False
62,0.011381822100140493,0.006224518989747756,-0.003660280393750171,0.023861198827939103,0.12962962962962962,0.37037037037037035,0.5,1197.0008266114028,9.487889,9.487887968596594,15.354111,1.6182852687252138,0.9999998912926358,0.011381821944444445,0.01297902181429899,-0.003872708,0.013089449999999999,0.026823678,0.006224519285714286,8.697596576594225e-05,0.0060812010000000005,0.00623652,0.006320317,-0.003660281,0.0003247756885205542,-0.004082606,-0.00365472,-0.003269671,0.02386119888888889,0.0025682197136622114,0.020134677,0.023853595,0.027241755000000003,False
63,0.011310389310656685,0.006263142447322824,-0.0038051502310752668,0.023815630750581723,0.12962962962962962,0.37037037037037035,0.5,1197.0008266114028,9.487889,9.487887968596594,15.354111,1.6182852687252138,0.9999998912926358,0.011310389722222222,0.013071184335231056,-0.00400389,0.013145235,0.027043589,0.006263142857142857,0.00020867670687414237,0.005950091,0.006318895,0.006488726,-0.0038051497500000003,0.0003752020785422671,-0.004275579000000001,-0.0037764749999999996,-0.003319216,0.02381563111111111,0.003060463689252349,0.019930201,0.02373334,0.027522443,False
64,0.01133466929444091,0.00626492916282437,-0.003769600198542147,0.023837394138180795,0.12962962962962962,0.37037037037037035,0.5,1197.0008266114028,9.487889,9.487887968596594,15.354111,1.6182852687252138,0.9999998912926358,0.011334669351851852,0.013065510350247429,-0.003956307,0.01311198,0.027102826,0.006264929285714285,0.00014259461142214543,0.006079529,0.00625791,0.006433086,-0.0037696,0.0003349222064524836,-0.004145371,-0.00381957,-0.0032552099999999997,0.023837394074074075,0.003058311061600115,0.020071622,0.023746789999999997,0.027484996,False
65,0.011350445383776218,0.006270332742823169,-0.0037278406118394177,0.02383661236151637,0.12962962962962962,0.37037037037037035,0.5,1197.0008266114028,9.487889,9.487887968596594,15.354111,1.6182852687252138,0.9999998912926358,0.011350445370370374,0.013037504151578078,-0.003981972,0.012941305,0.027116374999999998,0.006270332142857144,0.00010015163839887792,0.0061491110000000005,0.00628107,0.006395499000000001,-0.0037278405000000002,0.0004283945044112377,-0.004265758999999999,-0.003793525,-0.003196235,0.023836612407407413,0.0029678915609339103,0.020007403,0.02384248,0.027276833,True
66,0.011342273174901751,0.006291613436437253,-0.0037584545545020706,0.023837427721469455,0.12962962962962962,0.37037037037037035,0.5,1197.0008266114028,9.487889,9.487887968596594,15.354111,1.6182852687252138,0.9999998912926358,0.011342272962962962,0.013075192327894815,-0.003922557,0.01317534,0.027322418,0.006291612857142857,0.00015554011744464463,0.006120059000000001,0.00630308,0.0064739229999999995,-0.0037584547499999997,0.00039645341380789936,-0.004259107,-0.00379416,-0.003247594,0.02383742759259259,0.003184910908028864,0.019920303,0.023753515000000003,0.027654526,False
67,0.011333347987101148,0.0061955985644526245,-0.003745913542346825,0.023835180451823344,0.12962962962962962,0.37037037037037035,0.5,1197.0008266114028,9.487889,9.487887968596594,15.354111,1.6182852687252138,0.9999998912926358,0.011333348240740738,0.013018041431774086,-0.003923254,0.013203945,0.027002591,0.006195599285714287,0.00021027818412978178,0.005948426,0.00620414,0.0063724720000000006,-0.0037459127499999993,0.00033858876931306737,-0.004141936,-0.00379926,-0.0033245799999999997,0.023835180185185184,0.0026963709316313034,0.020158936,0.023718385,0.02715371,True
68,0.011331893689840214,0.006269987984443222,-0.0037711335815973747,0.023831667221933944,0.12962962962962962,0.37037037037037035,0.5,1197.0008266114028,9.487889,9.487887968596594,15.354111,1.6182852687252138,0.9999998912926358,0.011331893148148146,0.013067415634067138,-0.003972316,0.01307539,0.027082331,0.006269987142857142,0.00016142257566614977,0.006082426,0.0062743650000000005,0.006479144,-0.0037711339999999998,0.0003934901354024011,-0.004410331,-0.00367857,-0.003370659,0.023831666666666668,0.0030890003694980777,0.019945752,0.023738465,0.02740903,False
69,0.011324592813032563,0.006248397898355308,-0.0037809555489983575,0.023829938429453273,0.12962962962962962,0.37037037037037035,0.5,1197.0008266114028,9.487889,9.487887968596594,15.354111,1.6182852687252138,0.9999998912926358,0.011324592685185184,0.013065156789449887,-0.003978985,0.01312319,0.027160528,0.006248397857142859,0.00014612506302961228,0.006073617000000001,0.006295510000000001,0.0064227320000000004,-0.003780956,0.00037705590210073623,-0.004263068,-0.0037811800000000003,-0.003331288,0.023829938518518518,0.0030333393487891555,0.019995717,0.023785254999999998,0.027467333,False
70,0.01135449814575791,0.006205137079323968,-0.003716736023810717,0.023853394844143474,0.12962962962962962,0.37037037037037035,0.5,1197.0008266114028,9.487889,9.487887968596594,15.354111,1.6182852687252138,0.9999998912926358,0.011354497962962963,0.013018201307476072,-0.003909858,0.013016634999999999,0.026966498,0.006205137142857142,9.781334362875405e-05,0.0060556640000000005,0.00623188,0.006320752000000001,-0.0037167357499999997,0.00033461051831112167,-0.00418655,-0.00375789,-0.003241302,0.023853394259259256,0.002740695407839784,0.020070076000000003,0.023842305,0.027235795,False
71,0.011333560427846423,0.006178654974424354,-0.0037543325407198387,0.02384623441100493,0.12962962962962962,0.37037037037037035,0.5,1197.0008266114028,9.487889,9.487887968596594,15.354111,1.6182852687252138,0.9999998912926358,0.011333560185185184,0.013042832224557927,-0.004044253,0.013038435,0.02707657,0.006178654285714285,0.00015405930985520216,0.005978327,0.00620988,0.006356002,-0.0037543325,0.00037894948474532863,-0.004139474,-0.003713635,-0.003356698,0.02384623407407407,0.0028348793700395778,0.020047477,0.02379655,0.027194475,False
72,0.011320217752573532,0.006334147318705915,-0.0038045526463681605,0.023816436308718242,0.12962962962962962,0.37037037037037035,0.5,1197.0008266114028,9.487889,9.487887968596594,15.354111,1.6182852687252138,0.9999998912926358,0.011320217499999998,0.013127837340810553,-0.00401464,0.01307028,0.027277434,0.006334147857142857,0.00010873477654882286,0.006220841,0.006339885,0.006424646,-0.0038045527499999997,0.0004030828011028721,-0.004285214,-0.0038391600000000003,-0.003241739,0.023816435740740743,0.0035362482909840212,0.01976837,0.023821065000000002,0.027649898,False
73,0.01130140973229438,0.0063834733008044,-0.0038471727014627115,0.023797602461759996,0.12962962962962962,0.37037037037037035,0.5,1197.0008266114028,9.487889,9.487887968596594,15.354111,1.6182852687252138,0.9999998912926358,0.011301409814814815,0.013169044503949193,-0.00404552,0.01307713,0.02750504,0.006383475,0.00018771470704045996,0.006072742,0.00643689,0.006579258,-0.00384717325,0.00038352851618483013,-0.004331545,-0.0038885250000000003,-0.0033903740000000003,0.02379760259259259,0.0037840727427714536,0.019734918,0.023651795,0.029563651000000007,True
74,0.011325634781509351,0.006270297629603984,-0.003782731221971488,0.023827659971618773,0.12962962962962962,0.37037037037037035,0.5,1197.0008266114028,9.487889,9.487887968596594,15.354111,1.6182852687252138,0.9999998912926358,0.01132563435185185,0.013076643493082624,-0.004002553,0.013189375,0.027110131,0.006270297857142857,0.00020103440765126214,0.006064677,0.00625947,0.006542824,-0.0037827317499999997,0.0003739716602891688,-0.0043114519999999995,-0.00376607,-0.003387055,0.023827659444444444,0.0031421749335537315,0.019943843,0.023830035,0.027331763999999998,False
75,0.011319593167015404,0.006290808413516221,-0.0038064847666732294,0.023827854350284554,0.12962962962962962,0.37037037037037035,0.5,1197.0008266114028,9.487889,9.487887968596594,15.354111,1.6182852687252138,0.9999998912926358,0.011319593333333332,0.013087925169738765,-0.003911755,0.013186670000000001,0.027122143,0.006290807857142857,0.00018515931588687033,0.006047151,0.006284045,0.0065203119999999995,-0.0038064847499999998,0.0002948913260676507,-0.004294975,-0.0038181300000000003,-0.003461381,0.023827854814814822,0.003165621510051816,0.019986758,0.02378322,0.027449549,False
76,0.011335062918734276,0.006228756049195669,-0.003757513451527396,0.023838606455475152,0.12962962962962962,0.37037037037037035,0.5,1197.0008266114028,9.487889,9.487887968596594,15.354111,1.6182852687252138,0.9999998912926358,0.01133506277777778,0.013039140586315837,-0.003970853,0.01315199,0.02709127,0.006228755714285714,0.0001595882318304689,0.006042752,0.006198625,0.006468048,-0.00375751375,0.0003761416897971262,-0.0043037530000000004,-0.003685565,-0.0033058219999999995,0.02383860648148148,0.0028457109596413343,0.019928317,0.02381554,0.027286833,False
77,0.01130193909666207,0.006297945045357514,-0.003835927846619296,0.023812505660542042,0.12962962962962962,0.37037037037037035,0.5,1197.0008266114028,9.487889,9.487887968596594,15.354111,1.6182852687252138,0.9999998912926358,0.011301939351851852,0.013110634025798821,-0.0040651739999999995,0.01318367,0.027117349000000002,0.006297946428571429,0.00016739110842605123,0.00607855,0.006270115,0.0065373670000000005,-0.0038359279999999997,0.000340043727586615,-0.0041932029999999995,-0.00386762,-0.0033567469999999998,0.023812505925925927,0.0033066530316903683,0.020004754000000003,0.023756819999999998,0.027612486,False
78,0.011376651379532407,0.006202611932774327,-0.0036737875564691854,0.023866542299804196,0.12962962962962962,0.37037037037037035,0.5,1197.0008266114028,9.487889,9.487887968596594,15.354111,1.6182852687252138,0.9999998912926358,0.01137665138888889,0.012999700123071747,-0.0038424929999999998,0.013060205,0.026948227,0.006202611428571428,0.00017330450900313092,0.005931971,0.006268015,0.006371061,-0.0036737874999999997,0.0003591682431030756,-0.004209081,-0.00365727,-0.0032291449999999997,0.023866542407407407,0.00267464405198976,0.020155165000000003,0.02378727,0.027255471,False
79,0.011332400854768443,0.006308998323514123,-0.003786893347711312,0.023834241661004566,0.12962962962962962,0.37037037037037035,0.5,1197.0008266114028,9.487889,9.487887968596594,15.354111,1.6182852687252138,0.9999998912926358,0.011332401018518515,0.0130868299199497,-0.004052334,0.01312264,0.027139372000000002,0.006308998571428572,0.00016810050632443254,0.006117818,0.00630257,0.006535651,-0.0037868929999999995,0.00036714241715034784,-0.004265505,-0.00377642,-0.00331307,0.023834241666666662,0.0032025863112460458,0.019980095,0.023754820000000003,0.027396098,False
80,0.009244138494574875,0.00593367479075805,-0.003995890634728564,0.02156476341781474,0.046296296296296294,0.4537037037037037,0.5,1212.7308324755238,9.521389,9.521388097611188,15.446611,1.622306472301468,0.9999999052250873,0.009244138333333332,0.012557074612185054,-0.00414702,0.0130022,0.023790781,0.005933674,0.00012120120075312782,0.005803448,0.00591245,0.006066306,-0.003995890612244898,0.00024054374455072057,-0.004337148000000001,-0.00397572,-0.0037234979999999996,0.02156476314814815,0.0018511648455487816,0.020138952,0.020321714999999997,0.023848044000000002,False
81,0.009242406417654177,0.0060272968234967444,-0.004003242366282223,0.021559301572907336,0.046296296296296294,0.4537037037037037,0.5,1212.7308324755238,9.521389,9.521388097611188,15.446611,1.622306472301468,0.9999999052250873,0.009242406851851851,0.012577231624401298,-0.0041597150000000005,0.013036945000000001,0.023851397,0.006027298,7.924330442378092e-05,0.005937448,0.0060242,0.006118014000000001,-0.004003241428571428,0.00026092680687683046,-0.004377548,-0.00397222,-0.003703494,0.021559301481481483,0.0021085651500499605,0.020092373,0.02028236,0.024040620999999998,False
82,0.009245543163890153,0.006074951908597184,-0.0040015275775024785,0.021559606545458743,0.046296296296296294,0.4537037037037037,0.5,1212.7308324755238,9.521389,9.521388097611188,15.446611,1.622306472301468,0.9999999052250873,0.009245543055555557,0.012586582290541139,-0.004209582,0.013065424999999999,0.02382461,0.006074952,0.00013249775928671396,0.005908892,0.00617691,0.0061862819999999995,-0.00400152775510204,0.00027039151139363814,-0.004348704,-0.0039805,-0.0036550199999999997,0.021559606481481478,0.002229999249020931,0.020066958,0.02031259,0.024061245,False
83,0.009240610367661954,0.0060133294633988475,-0.004004039478545033,0.021557726052577844,0.046296296296296294,0.4537037037037037,0.5,1212.7308324755238,9.521389,9.521388097611188,15.446611,1.622306472301468,0.9999999052250873,0.009240610462962965,0.012576130509605134,-0.004199212999999999,0.012991025,0.02384627,0.006013329999999999,0.00010038604703842056,0.005897292,0.00607389,0.00608052,-0.0040040393877551015,0.0002583979039405112,-0.004319978,-0.00398355,-0.0036490439999999997,0.021557726111111106,0.002098282195750024,0.020096358,0.020288495,0.023956543,False
84,0.009230148558775499,0.0061000812017493996,-0.004023879984290373,0.02154677328831917,0.046296296296296294,0.4537037037037037,0.5,1212.7308324755238,9.521389,9.521388097611188,15.446611,1.622306472301468,0.9999999052250873,0.009230148425925925,0.012602753579043688,-0.004213204999999999,0.013109764999999999,0.023921411,0.006100082,0.00022262292706727246,0.005864261999999999,0.00622253,0.006222686000000001,-0.004023879795918368,0.0002849330890627052,-0.00431927,-0.00415534,-0.0037008880000000003,0.021546772777777782,0.002360201518064064,0.020013173,0.020310824999999998,0.024127671,True
85,0.009247080248569059,0.006033014228212526,-0.003993837684802597,0.02155958596777265,0.046296296296296294,0.4537037037037037,0.5,1212.7308324755238,9.521389,9.521388097611188,15.446611,1.622306472301468,0.9999999052250873,0.009247080092592593,0.012573583238746612,-0.00421416,0.01302331,0.023854158,0.006033014000000001,9.02139121421967e-05,0.005932362,0.00603595,0.006120496,-0.003993837755102041,0.0002671995419712659,-0.00429678,-0.00399382,-0.0036290600000000004,0.021559585740740735,0.002117016653311571,0.020080153,0.02026948,0.024034207,False
86,0.0092518161004036,0.006053115636346106,-0.003987482365691697,0.021561429566310214,0.046296296296296294,0.4537037037037037,0.5,1212.7308324755238,9.521389,9.521388097611188,15.446611,1.622306472301468,0.9999999052250873,0.009251815925925925,0.012575273135879191,-0.004170407,0.01302426,0.023923096,0.006053116,4.367343293124566e-05,0.005998204,0.00608074,0.0060915940000000005,-0.003987482448979591,0.0002977244557937355,-0.004308974,-0.00412712,-0.00365851,0.021561429259259256,0.0021612355437383426,0.020013679,0.020266435,0.024108594,False
87,0.009242214819515083,0.005952241212053704,-0.0039990807730398426,0.02156209170974653,0.046296296296296294,0.4537037037037037,0.5,1212.7308324755238,9.521389,9.521388097611188,15.446611,1.622306472301468,0.9999999052250873,0.009242214722222222,0.012566768700806478,-0.004197028,0.013019635,0.023799371,0.005952242,9.57749744766346e-05,0.00585546,0.00594857,0.006047834,-0.00399908081632653,0.0002554925492889974,-0.004354645999999999,-0.00397184,-0.003707976,0.021562091481481485,0.0019769217516928494,0.020122924,0.020289905,0.023873825,False
88,0.00923641502140367,0.006074662356967393,-0.004014836173601426,0.021553453389504245,0.046296296296296294,0.4537037037037037,0.5,1212.7308324755238,9.521389,9.521388097611188,15.446611,1.622306472301468,0.9999999052250873,0.009236415092592593,0.012589951887675295,-0.004232685,0.013092755,0.023824438,0.006074662,0.00013602905372015194,0.005913092,0.00609738,0.006211726,-0.004014835918367347,0.00026974006694214435,-0.004313584,-0.004047,-0.003650998,0.021553453333333333,0.002230290272882616,0.020077482,0.020270459999999997,0.023971802,False
89,0.009239846341425542,0.005950107369405409,-0.004006128978166872,0.021563947925131638,0.046296296296296294,0.4537037037037037,0.5,1212.7308324755238,9.521389,9.521388097611188,15.446611,1.622306472301468,0.9999999052250873,0.009239846574074074,0.01257088146426054,-0.0041713309999999995,0.01304464,0.023798312,0.00595011,7.933029408744174e-05,0.005862108,0.0059449,0.006035458,-0.004006128367346939,0.0002615131429353918,-0.00429513,-0.00406076,-0.0036362820000000002,0.02156394759259259,0.0019738300955652235,0.020101963,0.02026518,0.023879073,False
90,0.009248755142837536,0.005985451133702071,-0.003992277983189003,0.02156592446174453,0.046296296296296294,0.4537037037037037,0.5,1212.7308324755238,9.521389,9.521388097611188,15.446611,1.622306472301468,0.9999999052250873,0.009248755092592592,0.012566876666268389,-0.004191893,0.012979254999999999,0.023811121,0.005985452,7.099088206241703e-05,0.00590885,0.00601768,0.006031224,-0.003992278367346939,0.000260683177035211,-0.00430606,-0.00397659,-0.0036808559999999997,0.02156592462962963,0.0020001941779206906,0.020057657,0.020294515,0.023945073,False
91,0.009255499407705304,0.005953685198244301,-0.003980067371773981,0.02157127428255327,0.046296296296296294,0.4537037037037037,0.5,1212.7308324755238,9.521389,9.521388097611188,15.446611,1.622306472301468,0.9999999052250873,0.009255499537037037,0.012554186320804277,-0.004215357,0.01297775,0.023815567,0.005953683999999999,9.177823306209374e-05,0.005858792,0.00592716,0.006064836,-0.0039800669387755104,0.00025716913500020054,-0.004334544,-0.00394207,-0.003637006,0.021571274259259258,0.001872649678534948,0.020082675,0.020300575,0.023896539999999997,False
92,0.009238164640786861,0.0060611153093943935,-0.004012217992525007,0.021555831227624715,0.046296296296296294,0.4537037037037037,0.5,1212.7308324755238,9.521389,9.521388097611188,15.446611,1.622306472301468,0.9999999052250873,0.00923816462962963,0.012586305440717394,-0.004205921,0.013027760000000001,0.02387171,0.006061116,2.7754188584788402e-05,0.006027168,0.00607243,0.00608734,-0.004012218163265306,0.0002466946763459697,-0.0043456,-0.00399146,-0.003705328,0.021555831296296287,0.0021907644013998656,0.020061096,0.020280015,0.024023786999999998,False
93,0.009243571042182923,0.005974139459755712,-0.003997793925894898,0.021561608844922725,0.046296296296296294,0.4537037037037037,0.5,1212.7308324755238,9.521389,9.521388097611188,15.446611,1.622306472301468,0.9999999052250873,0.009243571203703704,0.012566241164385834,-0.004162954,0.013019550000000001,0.023812731,0.005974142,6.412265072499717e-05,0.005921414,0.00596238,0.0060435079999999995,-0.003997793673469387,0.0002655690691718283,-0.004354889999999999,-0.00399986,-0.003649,0.0215616087037037,0.00198331368206422,0.020117140000000002,0.020292825,0.023911,False
94,0.009240066671906673,0.006030781862349307,-0.004010735273331907,0.02156109851198958,0.046296296296296294,0.4537037037037037,0.5,1212.7308324755238,9.521389,9.521388097611188,15.446611,1.622306472301468,0.9999999052250873,0.009240067037037036,0.012581415367544015,-0.004158653,0.013073115,0.023835253,0.006030782,5.636529478322623e-05,0.005981212,0.00600601,0.0060976599999999995,-0.004010734897959185,0.0002481468289765397,-0.004344172,-0.00404393,-0.003695044,0.021561098888888887,0.002107219603984664,0.020098325,0.02027122,0.024144439,False
95,0.009252814551942691,0.005936210257184653,-0.003979752127741921,0.021567236566356323,0.046296296296296294,0.4537037037037037,0.5,1212.7308324755238,9.521389,9.521388097611188,15.446611,1.622306472301468,0.9999999052250873,0.009252814537037038,0.01254900347980294,-0.004126191,0.01294988,0.02380051,0.00593621,4.739406587327165e-05,0.005886276,0.00592234,0.005992222,-0.003979752857142857,0.00022803772337407836,-0.004318140000000001,-0.00396985,-0.003699606,0.021567237222222223,0.0018320128683736718,0.020096028,0.020318205,0.023855727,True
96,0.00924075252760825,0.005984506225501409,-0.004004822652053317,0.02156138984823697,0.046296296296296294,0.4537037037037037,0.5,1212.7308324755238,9.521389,9.521388097611188,15.446611,1.622306472301468,0.9999999052250873,0.009240752777777776,0.012570095638329844,-0.004188705,0.013105035000000001,0.023807158999999998,0.0059845079999999995,0.00015006935295389247,0.00583602,0.00594401,0.006163521999999999,-0.004004822244897959,0.0002579055625632819,-0.004336162,-0.00400272,-0.003668412,0.021561389814814817,0.0019929807530630083,0.020083792,0.020267475,0.023925585,False
97,0.009251655924769857,0.005958799766320723,-0.003986556468050736,0.02156900199959309,0.046296296296296294,0.4537037037037037,0.5,1212.7308324755238,9.521389,9.521388097611188,15.446611,1.622306472301468,0.9999999052250873,0.009251656203703704,0.012564456598564335,-0.004214043,0.0129891,0.023872303,0.005958798000000001,8.527472225695025e-05,0.005864972,0.00595448,0.006040642000000001,-0.003986556530612245,0.00025897825312177114,-0.004346468,-0.003974,-0.003656594,0.02156900277777778,0.0019812135526605873,0.020066550000000002,0.02024005,0.023927285,False
98,0.00924183218926884,0.006068471721988848,-0.004007196564662956,0.02155792869443658,0.046296296296296294,0.4537037037037037,0.5,1212.7308324755238,9.521389,9.521388097611188,15.446611,1.622306472301468,0.9999999052250873,0.009241831759259259,0.012588198891099306,-0.004222551,0.013041295000000001,0.023863582999999997,0.006068472,4.490663710410751e-05,0.006014332,0.00608109,0.006115292,-0.004007197142857143,0.00025223938863625536,-0.0043278859999999995,-0.00398435,-0.0036346819999999998,0.021557928333333334,0.002228353204363948,0.020051120999999998,0.02028763,0.024270513,False
99,0.009239809785819042,0.0060297783706947175,-0.00401091381270104,0.021560839663654335,0.046296296296296294,0.4537037037037037,0.5,1212.7308324755238,9.521389,9.521388097611188,15.446611,1.622306472301468,0.9999999052250873,0.009239809907407408,0.012581362892489583,-0.004186698,0.01308474,0.023836359,0.00602978,5.953323038438279e-05,0.005978234,0.00601161,0.006098298,-0.004010913469387755,0.00025123031169931465,-0.004339642,-0.00404252,-0.003679854,0.021560839444444445,0.002106610032639254,0.020092264,0.020254545,0.024130946,False
